RenterID,Name,ContactNo,ContactEmail
1,espring0,73746978,aleys0@moonfruit.com
2,dputman1,89069675,hcarwardine1@ucoz.com
3,cmuskett2,10626808,cchawkley2@hugedomains.com
4,pstapele3,40129805,abeck3@skyrock.com
5,relverston4,45555900,oromaine4@ihg.com
6,tdyment5,25385622,sagastina5@homestead.com
7,ghansard6,82395264,rwarhurst6@shop-pro.jp
8,bbaggallay7,51871235,druslen7@wix.com
9,ashippam8,38884264,kdumke8@lycos.com
10,lmenelaws9,21277762,rhanbidge9@ucoz.com
11,cschurckea,30336560,afitzalana@gmpg.org
12,vpowterb,82896089,baucourteb@cisco.com
13,cheberc,29637846,lglasspoolec@dagondesign.com
14,atearled,87711150,dtattersfieldd@unc.edu
15,dstrydee,49488368,bdraye@hao123.com
16,hbrownlief,18848045,mmcgauganf@newsvine.com
17,rknockg,91033915,mkloskag@mac.com
18,glaverickh,10721439,drapsonh@joomla.org
19,dswetenhami,72764001,crawei@tuttocitta.it
20,ttincknellj,15227411,hparfreyj@360.cn
21,gwilseyk,19336902,fjahnigk@sina.com.cn
22,ebichardl,64423961,elenschl@phpbb.com
23,jbriteem,81912857,tatwillm@goo.gl
24,vesomn,50076660,gboninn@paginegialle.it
25,skirko,38813803,acollivero@sciencedaily.com
